,zipcode,address,price,size
0,93535,"40997 173rd St E, Lancaster, CA 93535",260000,1676
2,93535,"44732 Stanridge Ave, Lancaster, CA 93535",245000,1260
3,93535,"44835 Division St, Lancaster, CA 93535",229900,970
4,93535,"1846 Park Circle Dr, Lancaster, CA 93535",247000,1167
5,93535,"45465 25th St E SPC 283, Lancaster, CA 93535",99500,1175
6,93535,"45465 25th St E SPC 216, Lancaster, CA 93535",130000,1614
7,93535,"1745 E Norberry St, Lancaster, CA 93535",270000,1581
8,93535,"43140 Homestead St, Lancaster, CA 93535",324990,1784
9,93535,"44900 20th St E, Lancaster, CA 93535",2200000,10
12,93535,"503 E Norberry St, Lancaster, CA 93535",250000,1227
14,93535,"45265 Sancroft Ave, Lancaster, CA 93535",259900,1475
16,93535,"43606 Stanridge Ave, Lancaster, CA 93535",114900,1008
20,93535,"2121 E Avenue I SPC 98, Lancaster, CA 93535",105000,1248
21,93535,"00 107th St E, Lancaster, CA 93535",11000,5
25,93535,"2044 E Oldfield St, Lancaster, CA 93535",340000,2282
27,93535,"608 E Nugent St, Lancaster, CA 93535",279900,1186
28,93535,"40936 176th St E, Lancaster, CA 93535",259990,1563
29,93535,"5020 E Avenue K4, Lancaster, CA 93535",505000,2103
30,93535,"40612 173rd St E, Lake Los Angeles, CA 93535",269900,1402
34,93535,"321 E Avenue J13, Lancaster, CA 93535",219000,1046
37,93535,"744 E Avenue J11, Lancaster, CA 93535",290000,1855
38,93535,"630 E Avenue J4, Lancaster, CA 93535",260000,1440
39,93535,"265 E Avenue J8, Lancaster, CA 93535",230000,1200
40,91108,"2152 Valentine Pl, San Marino, CA 91108",1980000,2908
41,91108,"1833 S El Molino Ave, San Marino, CA 91108",1569000,2196
42,91108,"1267 Shenandoah Rd, San Marino, CA 91108",7960800,7462
43,91108,"2836 Cumberland Rd, San Marino, CA",3890000,3770
44,91108,"1975 Saint Albans Rd, San Marino, CA 91108",2699000,3076
45,91108,"2390 Ridgeway Rd, San Marino, CA 91108",3290000,3597
46,91108,"1716 Lorain Rd, San Marino, CA 91108",2600000,3468
47,91108,"2915 Somerset Pl, San Marino, CA 91108",1788000,2678
48,91108,"2160 Adair St, San Marino, CA 91108",4698000,3889
50,91108,"1730 Banning Way, San Marino, CA 91108",1950000,2563
51,91108,"1985 Del Mar Ave, San Marino, CA 91108",1435000,1891
52,91108,"1265 Winston Ave, San Marino, CA 91108",4275000,4328
53,91108,"965 San Marino Ave, San Marino, CA 91108",4700000,5685
54,91108,"1203 Sierra Madre Blvd, San Marino, CA 91108",4595000,5409
55,91108,"1910 Sycamore Dr, San Marino, CA 91108",1890000,2652
56,91108,"2735 Canterbury Rd, San Marino, CA",4498000,4100
57,91108,"2435 Sherwood Rd, San Marino, CA 91108",2780000,3365
58,91108,"1560 Old Mill Rd, San Marino, CA 91108",3980000,2637
59,91108,"933 S Santa Anita Ave, San Marino, CA 91108",3180000,3546
61,91108,"1241 Encino Dr, Pasadena, CA 91108",2599888,3848
62,91108,"2285 Huntley Cir, San Marino, CA 91108",2988888,3677
64,91108,"1649 Banning Way, San Marino, CA 91108",2680000,2770
65,91108,"2767 Fleur Dr, San Marino, CA 91108",1980000,2557
66,91108,"45 Kewen Pl, San Marino, CA 91108",3980000,4064
67,91108,"1930 Lorain Rd, San Marino, CA 91108",2888000,3936
68,91108,"660 Lombardy Pl, San Marino, CA 91108",4850000,6540
69,91108,"1045 Roanoke Rd, San Marino, CA 91108",3980000,4490
70,91108,"1835 Westhaven Rd, San Marino, CA 91108",3588000,3193
71,91108,"2830 Canterbury Rd, San Marino, CA 91108",3490000,3757
72,91108,"1780 Ramiro Rd, San Marino, CA 91108",2225000,3430
73,91108,"1240 San Marino Ave, San Marino, CA 91108",3530000,3640
74,91108,"1259 Sherwood Rd, San Marino, CA 91108",3480000,3600
75,91108,"1725 Sharon Pl, San Marino, CA",3888000,3527
76,91108,"2120 Urmston Pl, San Marino, CA 91108",2450000,2646
77,91108,"1285 S San Gabriel Blvd, San Marino, CA",2630000,2821
78,91108,"2230 El Molino Pl, San Marino, CA 91108",1498000,1747
79,91108,"1460 Avonrea Rd, San Marino, CA 91108",5280000,7557
86,93543,"00000 116 Th St, Littlerock, CA 93543",48000,9
89,93543,"10141 E # W-14, Littlerock, CA 93543",1800000,5127
92,93543,"10257 E Avenue S4, Littlerock, CA 93543",239000,1036
96,93543,"9654 E Avenue R14, Littlerock, CA 93543",375000,2148
97,93543,"36814 95th St E, Littlerock, CA 93543",319900,1771
98,93543,"7308 E Avenue U3, Littlerock, CA 93543",279990,1302
102,93543,"11803 Beaucourt Ave, Juniper Hills, CA 93543",315000,2289
105,93543,"9177 E Ave S-10, Littlerock, CA 93543",199990,680
106,93543,"8706 E Avenue T4, Littlerock, CA 93543",335000,1312
111,93543,"9731 E Avenue S8, Littlerock, CA 93543",375000,2126
112,93543,"35349 80th St E, Littlerock, CA 93543",649000,4871
119,93543,"0 E Vic Ave Z8 113 St, Juniper Hills, CA 93543",40000,10
120,93544,"28831 233rd St E, Llano, CA 93544",100000,825
123,93544,"33048 223rd St E, Llano, CA 93544",450000,3755
124,93544,"Fort Tejon # 195, Llano, CA 93544",9700,4
128,93544,"Avenue X8, Llano, CA 93544",25000,5
141,93544,"16754 E Avenue X SPACE 41, Llano, CA 93544",85000,1500
142,93544,"204 263rd St E, Llano, CA 93544",17600,10
143,93544,"204 Duncan Rd, Llano, CA 93544",12650,10
148,93544,"E 263rd St St, Llano, CA 93544",4500,5
151,93544,"15577 Boca Raton Ave, Llano, CA 93544",374245,4051
152,93544,"32000 263rd St E, Llano, CA 93544",199900,1248
154,93544,"29218 Mescal Highlands Dr, Llano, CA 93544",340000,1932
160,91202,"1401 Valley View Rd APT 109, Glendale, CA 91202",629000,1468
161,91202,"1201 Graynold Ave, Glendale, CA 91202",849000,1463
162,91202,"1105 Highland Ave, Glendale, CA 91202",880000,1554
163,91202,"519 Valentine Dr, Glendale, CA 91202",199000,10868
164,91202,"543 W Stocker St UNIT 2, Glendale, CA 91202",589000,1328
165,91202,"1145 Graynold Ave, Glendale, CA 91202",878656,1618
166,91202,"669 W Glenoaks Blvd, Glendale, CA 91202",1050000,1391
167,91202,"631 Caleb St, Glendale, CA 91202",1595000,5001
168,91202,"537 Valentine Dr, Glendale, CA 91202",150000,9940
169,91202,"1717 Idlewood Rd, Glendale, CA 91202",1897000,2690
170,91202,"1313 Valley View Rd APT 109, Glendale, CA 91202",599000,1425
171,91202,"1428 Idlewood Rd, Glendale, CA 91202",1200000,1745
172,91202,"320 Kempton Rd, Glendale, CA 91202",1549000,2170
173,91202,"1621 Arbor Dr, Glendale, CA 91202",2250000,3182
174,91202,"1528 N Columbus Ave, Glendale, CA 91202",1595000,2043
175,91202,"1428 Virginia Ave, Glendale, CA 91202",1580000,2653
176,91202,"1422 N Central Ave APT 8, Glendale, CA 91202",749950,2115
177,91202,"1724 Ben Lomond Dr, Glendale, CA 91202",1799000,3149
178,91202,"1422 N Central Ave APT 1, Glendale, CA 91202",865000,2367
179,91202,"1401 Valley View Rd APT 228, Glendale, CA 91202",544999,1268
180,91202,"455 Audraine Dr, Glendale, CA 91202",1998000,3757
181,91202,"600 W Stocker St APT 304, Glendale, CA 91202",499900,1232
182,91202,"810 Norton Ave, Glendale, CA 91202",4795000,6144
183,91202,"570 W Stocker St UNIT 214, Glendale, CA 91202",464900,1051
185,91202,"1401 Valley View Rd APT 130, Glendale, CA 91202",539500,1268
188,91202,"0 Tr 4881 LOT 9, Glendale, CA 91202",55000,6817
189,91202,"0 Tr 4881 LOT 8, Glendale, CA 91202",55000,8585
192,91202,"624 Beulah St, Glendale, CA 91202",855000,1536
193,91202,"1748 Hillcrest Ave, Glendale, CA 91202",2195000,4810
196,91202,"347 Wonderview Dr, Glendale, CA 91202",1200000,2953
197,91202,"223 W Stocker St, Glendale, CA 91202",789000,840
200,91201,"1312 Elm Ave, Glendale, CA 91201",1150000,1827
201,91201,"1538 Lake St, Glendale, CA 91201",699000,1197
202,91201,"1546 Grandview Ave, Glendale, CA 91201",1495000,2150
203,91201,"1534 Irving Ave, Glendale, CA 91201",1395000,2710
204,91201,"1273 Raymond Ave, Glendale, CA 91201",744000,837
205,91201,"510 Justin Ave APT 204, Glendale, CA 91201",535000,1056
206,91201,"1221 Winchester Ave, Glendale, CA 91201",998000,1244
207,91201,"1169 Ruberta Ave UNIT E, Glendale, CA 91201",689000,1558
208,91201,"1600 Grandview Ave, Glendale, CA 91201",2450000,4602
209,91201,"1314 Fairfield St, Glendale, CA 91201",980000,1724
210,91201,"1840 W Glenoaks Blvd, Glendale, CA 91201",1765000,3550
211,91201,"426 Western Ave, Glendale, CA 91201",975000,2005
213,91201,"1800 Bel Aire Dr, Glendale, CA 91201",1250000,1988
214,91201,"1435 Lee Dr, Glendale, CA 91201",1100000,1698
215,91201,"1121 Winchester Ave, Glendale, CA 91201",2200000,4100
216,91201,"1341 Raymond Ave, Glendale, CA 91201",1349000,2745
217,91201,"1836 Lake St, Glendale, CA 91201",750000,1061
218,91201,"1138 Western Ave, Glendale, CA 91201",2100000,4501
220,91201,"1330 Truitt St, Glendale, CA 91201",830000,1426
221,91201,"1414 Randall St, Glendale, CA 91201",1059000,1948
223,91201,"1344 Western Ave, Glendale, CA 91201",1875000,4728
224,91201,"1140 Irving Ave, Glendale, CA 91201",2199000,5059
230,93591,"14720 E Palmdale Blvd, Palmdale, CA 93591",291500,1450
238,93591,"00 240 St E, Palmdale, CA 93591",23000,27
245,93591,"40137 168th St E, Lake Los Angeles, CA 93591",249900,1000
252,93591,"9820 E Palmdale Blvd, Palmdale, CA 93591",285000,1833
261,93591,"39516 163rd St E, Palmdale, CA 93591",199000,1402
267,91204,"424 Oak St UNIT 338, Glendale, CA 91204",409999,839
269,91204,"207 W Garfield Ave, Glendale, CA 91204",2500000,6638
270,91204,"532 W Elk Ave UNIT 2, Glendale, CA 91204",789000,1470
271,91204,"532 W Elk Ave UNIT 1, Glendale, CA 91204",789000,1470
272,91204,"147 W Acacia Ave APT 160, Glendale, CA 91204",519900,1528
274,91204,"433 W Garfield Ave, Glendale, CA 91204",1690000,4885
275,91204,"147 W Acacia Ave, Glendale, CA 91204",639000,1528
276,91204,"147 W Acacia Ave APT 153, Glendale, CA 91204",639000,1528
278,91203,"436 W California Ave, Glendale, CA 91203",795000,2677
279,91203,"409 Burchett St UNIT 218, Glendale, CA 91203",319000,630
280,91203,"343 Pioneer Dr UNIT 1205, Glendale, CA 91203",779000,1443
282,91203,"343 Pioneer Dr UNIT 403, Glendale, CA 91203",549000,1279
283,91203,"365 Burchett St UNIT 306, Glendale, CA 91203",379900,629
284,91203,"339 W Wilson Ave UNIT 103, Glendale, CA 91203",499000,1132
285,91203,"345 Pioneer Dr UNIT 105, Glendale, CA 91203",690000,1443
290,91206,"2989 Saint Gregory Rd, Glendale, CA 91206",1599000,2760
291,91206,"1108 Stanley Ave, Glendale, CA 91206",2500000,6142
292,91206,"1135 E Wilson Ave APT 4, Glendale, CA 91206",485000,907
293,91206,"2125 Ashington Dr, Glendale, CA 91206",1250000,2520
294,91206,"522 N Jackson St APT 304, Glendale, CA 91206",549000,1171
295,91206,"500 E Lexington Dr APT 209, Glendale, CA 91206",499999,1160
296,91206,"500 E Lexington Dr # 000, Glendale, CA 91206",499999,1160
297,91206,"2925 Graceland Way, Glendale, CA 91206",988888,1424
298,91206,"323 N Jackson St APT 108, Glendale, CA 91206",579000,1300
299,91206,"612 Canyon Dr, Glendale, CA 91206",748561,1066
300,91206,"335 N Adams St UNIT 222, Glendale, CA 91206",579000,1227
301,91206,"1631 Parway Dr, Glendale, CA 91206",1195000,2214
302,91206,"1247 E Wilson Ave APT 12, Glendale, CA 91206",679000,1608
306,91206,"3175 Kirkham Dr, Glendale, CA 91206",1199000,1861
308,91206,"1770 Golf Club Dr, Glendale, CA 91206",2999999,5360
309,91206,"344 N Maryland Ave UNIT 107, Glendale, CA 91206",440000,988
310,91206,"612 Luton Dr, Glendale, CA 91206",895000,1820
312,91206,"1477 E Wilson Ave, Glendale, CA 91206",849500,1739
313,91206,"521 Geneva St, Glendale, CA 91206",1089000,2368
315,91206,"Cascadia Dr, Glendale, CA 91206",70000,5951
316,91206,"0 Cascadia Dr, Glendale, CA 91206",70000,5950
317,91206,"121 N Adams St APT 8, Glendale, CA 91206",519999,1164
319,91206,"2840 Glenoaks Canyon Dr, Glendale, CA 91206",1549000,2548
321,91206,"3000 Buckingham Rd, Glendale, CA 91206",2175000,3711
322,91206,"418 Piedmont Ave, Glendale, CA 91206",4350000,11643
323,91206,"3021 E Chevy Chase Dr, Glendale, CA 91206",1695000,2190
324,91206,"1145 E California Ave, Glendale, CA 91206",4250000,11033
325,91206,"444 Devonshire Ln, Glendale, CA 91206",839000,1096
327,91206,"2430 Drury Ln, Glendale, CA 91206",185000,5662
328,91206,"2564 E Chevy Chase Dr, Glendale, CA 91206",1475000,3230
329,91206,"1711 Gladys Dr, Glendale, CA 91206",175000,10332
330,91205,"1257 Oakridge Dr, Glendale, CA 91205",585000,1124
331,91205,"1503 Stanford Dr, Glendale, CA 91205",779000,1625
332,91205,"826 E Acacia Ave APT C, Glendale, CA 91205",549000,1363
333,91205,"1523 E Windsor Rd APT 115B, Glendale, CA 91205",429900,809
334,91205,"1021 Tyler St, Glendale, CA 91205",1250000,3034
335,91205,"520 Porter St, Glendale, CA 91205",899000,1406
336,91205,"909 E Garfield Ave APT 7, Glendale, CA 91205",575000,1360
337,91205,"618 Alta Vista Dr, Glendale, CA 91205",874900,1890
338,91205,"1517 E Garfield Ave APT 77, Glendale, CA 91205",379000,708
339,91205,"619 S Louise St, Glendale, CA 91205",635000,640
340,91205,"1133 E Palmer Ave, Glendale, CA 91205",1780000,3880
341,91205,"1517 E Garfield Ave APT 52, Glendale, CA 91205",469000,1099
342,91205,"118 S Kenwood St # 406, Glendale, CA 91205",765000,1203
343,91205,"824 E Palmer Ave, Glendale, CA 91205",559000,768
344,91205,"1222 Boynton St, Glendale, CA 91205",840000,1196
345,91205,"730 E Chevy Chase Dr # B, Glendale, CA 91205",1250000,2517
346,91205,"1001 E Acacia Ave, Glendale, CA 91205",3325000,6096
347,91205,"0 Cypress, Glendale, CA 91205",39500,6141
349,91205,"341 Mission Rd, Glendale, CA 91205",999900,1936
350,91205,"1517 E Garfield Ave APT 35, Glendale, CA 91205",475000,1068
352,91205,"1360 E Palmer Ave, Glendale, CA 91205",99450,3136
353,91205,"118 S Kenwood St # 102, Glendale, CA 91205",779000,1203
354,91205,"1432 E Windsor Rd, Glendale, CA 91205",925000,2191
355,91205,"1432 1434 E Windsor Rd, Glendale, CA 91205",925000,2191
356,91205,"1516 E Broadway # 15, Glendale, CA 91205",575000,1324
361,91205,"1400 Marion Dr, Glendale, CA 91205",399000,8651
362,91208,"3133 San Gabriel Ave, Glendale, CA 91208",1459000,2185
363,91208,"1830 Crestmont Ct, Glendale, CA 91208",1050000,1747
364,91208,"1935 Alpha Rd UNIT 314, Glendale, CA 91208",524900,1233
365,91208,"1345 Selvas Pl, Glendale, CA 91208",1075000,1635
366,91208,"2511 Hermosita Dr, Glendale, CA 91208",1995000,3038
367,91208,"1855 Verdugo Knolls Dr, Glendale, CA 91208",1085000,1552
368,91208,"3677 Urquidez Ave, Glendale, CA 91208",949000,1888
369,91208,"3308 Barnes Cir, Glendale, CA",3988000,5481
370,91208,"3811 Lockerbie Ct, Glendale, CA 91208",1688000,3460
371,91208,"1819 Sherer Ln, Glendale, CA 91208",1997000,3335
372,91208,"3060 N Verdugo Rd, Glendale, CA 91208",999999,1148
373,91208,"1879 Verdugo Loma Dr, Glendale, CA 91208",999000,2240
375,91208,"3481 Stancrest Dr UNIT 219, Glendale, CA 91208",579000,1460
376,91208,"0 Emburns Dr, Glendale, CA",11000,3942
378,91208,"0 Pasa Glen Dr, Glendale, CA 91208",10000,4552
379,91208,"Pasa Glen Dr, Glendale, CA 91208",5000,3484
381,91208,"1610 Don Carlos Ave, Glendale, CA 91208",1599000,2877
384,91208,"909 Calle La Primavera, Glendale, CA 91208",1250000,2268
385,91208,"0 Ilamae 17 Pl, Glendale, CA 91208",10000,5841
386,91208,"0 Ilamae 16 Pl, Glendale, CA 91208",10000,4582
387,91208,"0 Ilamae 15 Pl, Glendale, CA 91208",10000,3589
388,91208,"0 Ilamae 14 Pl, Glendale, CA 91208",10000,4752
389,91208,"0 Ilamae 13 Pl, Glendale, CA 91208",10000,6272
390,91208,"0 Ilamae 12 Pl, Glendale, CA 91208",10000,4578
391,91208,"0 Ilamae 11 Pl, Glendale, CA 91208",10000,6041
392,91208,"0 Ilamae 10 Pl, Glendale, CA 91208",10000,5431
393,91208,"0 Ilamae 9 Pl, Glendale, CA 91208",10000,5231
394,91208,"0 Ilamae 7 Pl, Glendale, CA 91208",10000,7135
395,91208,"0 Ilamae 8 Pl, Glendale, CA 91208",10000,8084
396,91208,"0 Ilamae 6 Pl, Glendale, CA 91208",10000,4090
397,91208,"0 Ilamae 4 Pl, Glendale, CA 91208",10000,5161
398,91208,"0 Ilamae 3 Pl, Glendale, CA 91208",10000,6211
399,91208,"0 Ilamae 5 Pl, Glendale, CA 91208",10000,4978
400,91208,"0 Ilamae 2 Pl, Glendale, CA 91208",10000,5405
401,91208,"0 Ilamae 1 Pl, Glendale, CA 91208",10000,8546
402,91207,"1223 N Everett St, Glendale, CA 91207",1489000,2489
403,91207,"411 E Randolph St, Glendale, CA 91207",875000,1656
404,91207,"411 413 E Randolph St, Glendale, CA 91207",875000,1656
405,91207,"321 E Stocker St APT 301, Glendale, CA 91207",920000,2210
406,91207,"1138 N Everett St, Glendale, CA 91207",1059000,1896
407,91207,"1853 Las Flores Dr, Glendale, CA 91207",1199900,2173
408,91207,"1228 Moncado Dr, Glendale, CA 91207",879000,1255
409,91207,"1414 Royal Blvd, Glendale, CA 91207",1150000,1699
410,91207,"757 Cavanagh Rd, Glendale, CA 91207",1195000,1523
412,91207,"1131 Campbell St APT 208, Glendale, CA 91207",579900,1207
413,91207,"1339 Ethel St, Glendale, CA 91207",1006830,1791
414,91207,"1460 E Mountain St, Glendale, CA 91207",1295000,3075
415,91207,"1316 N Jackson St, Glendale, CA 91207",825000,2699
416,91207,"918 Hillcroft Rd, Glendale, CA 91207",1695000,2217
417,91207,"726 Bohlig Rd, Glendale, CA 91207",1299000,2486
420,91207,"1455 Dwight Dr, Glendale, CA 91207",1450000,3829
421,91207,"1541 Remah Vista Dr, Glendale, CA 91207",1350000,2400
422,91207,"201 E Stocker St, Glendale, CA 91207",949900,1894
423,91210,"576 Caruso Ave, Glendale, CA 91210",990000,1338
424,91210,"509 Caruso Ave, Glendale, CA 91210",1049000,1493
425,91210,"605 Caruso Ave # 605, Glendale, CA 91210",1269000,1529
426,91210,"572 Caruso Ave, Glendale, CA 91210",1029000,1361
428,91210,"511 Caruso Ave, Glendale, CA 91210",840888,1310
429,91210,"476 Caruso Ave, Glendale, CA 91210",979000,1338
430,91214,"5915 Canyonside Rd, La Crescenta, CA 91214",1495000,4940
431,91214,"3974 Pennsylvania Ave UNIT 112, La Crescenta, CA 91214",789000,2030
432,91214,"3643 3rd Ave, Glendale, CA 91214",469900,358
433,91214,"3715 Mayfield Ave, Glendale, CA 91214",700000,991
434,91214,"5548 Goss Canyon Ave, La Crescenta, CA 91214",898000,1404
435,91214,"3248 Washington Pl, Glendale, CA 91214",765000,1200
436,91214,"3130 Montrose Ave APT 118, Glendale, CA 91214",565000,1275
437,91214,"3220 Altura Ave APT 307, Glendale, CA 91214",364888,640
438,91214,"2861 El Caminito, La Crescenta, CA 91214",725000,930
439,91214,"3254 Montrose Ave, Glendale, CA 91214",1649000,3114
440,91214,"3719 5th Ave, Glendale, CA 91214",619000,1324
441,91214,"3220 Altura Ave APT 218, Glendale, CA 91214",355000,610
442,91214,"0 Gertrude Ave, La Crescenta, CA 91214",790000,8110
443,91214,"3707 4th Ave, Glendale, CA 91214",850000,1829
444,91214,"0 Foothill, La Crescenta, CA 91214",1950000,10454
445,91214,"3254 Altura Ave, Glendale, CA 91214",849000,1756
446,91214,"3214 Mary Ann St, Glendale, CA 91214",975000,1772
447,91214,"4135 Lowell Ave, Glendale, CA 91214",899000,1650
448,91214,"2625 Prospect Ave, La Crescenta, CA 91214",1395000,3016
449,91214,"2839 Sycamore Ave, Glendale, CA 91214",1199000,2483
450,91214,"4201 Pennsylvania Ave UNIT K2, La Crescenta, CA 91214",789000,1689
451,91214,"2326 Dorothy St, La Crescenta, CA 91214",850000,970
453,91214,"2900 Fairway Ave APT 601, Glendale, CA 91214",535000,1202
454,91214,"3742 Encinal Ave, Glendale, CA 91214",799000,1440
455,91214,"2342 Mountain Ave, La Crescenta, CA 91214",1679000,4401
456,91214,"3654 4th Ave, Glendale, CA 91214",1007000,2810
458,91214,"5500 La Crescenta Ave, La Crescenta, CA 91214",1200000,3459
459,91214,"4110 La Crescenta Ave APT 105, La Crescenta, CA 91214",760000,1390
464,91214,"4201 Pennsylvania Ave UNIT H2, La Crescenta, CA 91214",769000,1931
466,91214,"3130 Montrose Ave APT 108, Glendale, CA 91214",627750,1650
467,91214,"3503 Montrose Ave, Glendale, CA 91214",629900,854
468,91214,"4712 Pennsylvania Ave, La Crescenta, CA 91214",749950,1176
469,91214,"2306 Manzanita Ln, La Crescenta, CA 91214",959888,1423
471,91302,"23575 Park South St, Calabasas, CA 91302",3999000,9250
472,91302,"4131 Prado De Los Caballos, Calabasas, CA 91302",4199000,6455
473,91302,"5546 Jed Smith Rd, Hidden Hills, CA",22995000,13895
474,91302,"23140 Park Sorrento, Calabasas, CA 91302",1339000,2131
477,91302,"3960 Prado Del Maiz, Calabasas, CA 91302",2899000,4546
478,91302,"4040 Prado Del Trigo, Calabasas, CA 91302",2699500,4602
479,91302,"3525 Pansy Dr, Calabasas, CA 91302",423000,1420
480,91302,"25021 Jim Bridger Rd, Hidden Hills, CA 91302",4195000,4110
481,91302,"24120 Park Rosso, Calabasas, CA 91302",2149000,4992
482,91302,"23777 Mulholland Hwy SPC 173, Calabasas, CA 91302",339000,1680
483,91302,"25599 Prado De Amarillo, Calabasas, CA 91302",4625000,6200
484,91302,"5550 Bonneville Rd, Hidden Hills, CA 91302",5800000,4850
485,91302,"23557 Long Valley Rd, Hidden Hills, CA 91302",2099000,2740
486,91302,"23716 Valley View Rd, Calabasas, CA",1099000,2248
487,91302,"23593 Park South St, Calabasas, CA 91302",6890000,8152
489,91302,"23057 Park Este # 51, Calabasas, CA 91302",979000,2157
490,91302,"3783 Camino Codorniz, Calabasas, CA 91302",1950000,4020
491,91302,"24672 Via Tecolote, Calabasas, CA 91302",1249000,2262
492,91302,"4151 Prado De Los Zorros, Calabasas, CA 91302",2850000,4602
493,91302,"25242 Prado Del Grandioso, Calabasas, CA 91302",9225000,12235
494,91302,"23500 Park Sorrento UNIT C34, Calabasas, CA 91302",3500000,2260
495,91302,"3556 Locust Dr, Calabasas, CA 91302",1449000,2860
496,91302,"3771 Eddingham Ave, Calabasas, CA 91302",1599000,3047
497,91302,"26345 W Bravo Ln, Calabasas, CA 91302",537500,1344
498,91302,"23500 Park Sorrento UNIT G22, Calabasas, CA 91302",1598830,2270
499,91302,"4500 Park Serena, Calabasas, CA 91302",1749000,3790
501,91302,"25222 Prado Del Misterio, Calabasas, CA 91302",6249000,7619
502,91302,"24778 Hermosilla Ct, Calabasas, CA 91302",2499000,6438
503,91302,"5374 Wellesley Dr, Calabasas, CA 91302",2690000,6610
504,91302,"5949 Clear Valley Rd, Hidden Hills, CA 91302",3295000,2533
506,91302,"3665 El Encanto Dr, Calabasas, CA 91302",899900,2265
507,91302,"25174 Mulholland Hwy, Calabasas, CA 91302",1749000,3451
508,91302,"24900 Paseo Del Rancho, Calabasas, CA 91302",11900000,10387
510,91301,"30340 Passageway Pl, Agoura Hills, CA 91301",759500,1804
511,91301,"30658 Lakefront Dr, Agoura Hills, CA 91301",799800,1688
512,91301,"28801 Barragan St, Agoura Hills, CA 91301",999000,2347
513,91301,"26901 Garret Dr, Calabasas, CA 91301",1095000,2600
514,91301,"5736 Skyview Way UNIT F, Agoura Hills, CA 91301",345000,681
515,91301,"5859 Larboard Ln, Agoura Hills, CA 91301",719999,1700
517,91301,"26836 Cold Springs St, Calabasas, CA 91301",887000,2048
518,91301,"5291 Colodny Dr UNIT 5, Agoura Hills, CA 91301",479900,1184
520,91301,"View Dr, Agoura Hills, CA 91301",179000,9147
521,91301,"29004 Acanthus Ct, Agoura Hills, CA 91301",1199000,3146
523,91301,"29140 Quail Run Dr, Agoura Hills, CA 91301",959900,2436
524,91301,"5320 Colodny Dr UNIT 5, Agoura Hills, CA 91301",449900,1191
525,91301,"28328 Driver Ave, Agoura Hills, CA 91301",1049000,2225
526,91301,"29935 Rainbow Crest Dr, Agoura Hills, CA 91301",706748,1806
528,91301,"5291 Colodny Dr UNIT 23, Agoura Hills, CA 91301",485000,1184
529,91301,"5715 Emerson Ct, Agoura Hills, CA 91301",1429000,3247
530,91301,"29300 Castlehill Dr, Agoura Hills, CA 91301",2300000,4526
531,91301,"6344 Kerryhill Ct, Agoura Hills, CA 91301",1299000,2854
532,91301,"30473 Mulholland Hwy SPC 69, Agoura Hills, CA 91301",389000,1350
534,91301,"1952 Hazel Nut Ct, Agoura Hills, CA 91301",1399000,3818
535,91301,"30620 Lakefront Dr, Agoura Hills, CA 91301",749000,1656
536,91301,"29461 Quail Run Dr, Agoura Hills, CA 91301",909000,2068
537,91301,"29757 Mulholland Hwy, Agoura, CA 91301",2249000,3926
538,91301,"30433 Penrod Dr, Agoura Hills, CA 91301",969000,2677
540,91301,"5912 Saint Laurent Dr, Agoura Hills, CA 91301",1589000,3978
543,91301,"1905 Olivera Dr, Agoura Hills, CA 91301",369000,6534
544,91301,"1911 Olivera Dr, Agoura Hills, CA 91301",369000,5227
546,91301,"5703 Toth Pl, Agoura Hills, CA 91301",1285000,2960
548,91301,"5701 Middle Crest Dr, Agoura Hills, CA 91301",1075000,2406
550,91304,"20933 Arminta St, Canoga Park, CA 91304",735000,2277
551,91304,"8117 Farralone Ave, Canoga Park, CA 91304",499900,1349
552,91304,"7801 Capistrano Ave, West Hills, CA 91304",650000,1362
554,91304,"8330 N Peyton Way, West Hills, CA",656502,2069
556,91304,"8326 N Peyton Way, West Hills, CA",652502,2069
559,91304,"8451 Rudnick Ave, West Hills, CA 91304",729900,1678
560,91304,"24365 W Stone Bend Ln, Canoga Park, CA",1308305,3279
561,91304,"22136 Napa St, West Hills, CA 91304",839000,2130
562,91304,"23401 Schoenborn St, West Hills, CA 91304",900000,4416
563,91304,"8601 International Ave UNIT 105, Los Angeles, CA 91304",275000,826
564,91304,"21910 Gresham St, West Hills, CA 91304",799950,1795
565,91304,"8507 Remmet Ave, Canoga Park, CA 91304",674999,1313
566,91304,"Woolsey Cyn # 62, West Hills, CA 91304",79900,1440
567,91304,"7751 Glade Ave, Canoga Park, CA 91304",595000,1701
572,91304,"24425 Woolsey Canyon Rd SPC 51, West Hills, CA 91304",179000,1440
573,91304,"8341 De Soto Ave UNIT 4, Los Angeles, CA 91304",434900,1667
575,91304,"8551 N Walnut Way, Canoga Park, CA 91304",685000,1574
577,91304,"8350 Woodlake Ave, Canoga Park, CA 91304",710000,1519
578,91304,"21040 Parthenia St APT 23, Los Angeles, CA 91304",330000,1065
580,91304,"7826 Topanga Canyon Blvd APT 315, Canoga Park, CA 91304",365000,905
582,91304,"7800 Topanga Canyon Blvd APT 208, Los Angeles, CA 91304",379900,1168
584,91304,"22200 Schoenborn St, Los Angeles, CA 91304",1099000,2826
585,91304,"8560 Rudnick Ave, West Hills, CA 91304",755000,2457
586,91304,"23930 Eagle Mountain St, West Hills, CA 91304",1365000,4096
587,91304,"24425 Woolsey Canyon Rd SPC 94, West Hills, CA 91304",109900,1344
589,91304,"8379 Sale Ave, West Hills, CA 91304",859000,1882
590,91303,"21027 Bassett St, Canoga Park, CA 91303",495000,1080
591,91303,"6420 Randi Ave, Woodland Hills, CA 91303",599000,1214
592,91303,"22143 Bassett St, Canoga Park, CA 91303",735000,1800
593,91303,"7356 Eton Ave, Canoga Park, CA 91303",1279000,3986
594,91303,"22301 Wyandotte St, Canoga Park, CA 91303",859500,2110
595,91303,"7514 Jordan Ave, Canoga Park, CA",540000,1371
596,91303,"7044 Vassar Ave, Canoga Park, CA 91303",4680000,14879
598,91303,"7005 Jordan Ave UNIT 205, Los Angeles, CA 91303",399000,1437
600,91303,"6616 Farralone Ave, Woodland Hills, CA 91303",595920,1314
601,91303,"7305 Milwood Ave APT 4, Los Angeles, CA 91303",259900,690
602,91303,"7248 Vassar Ave, Canoga Park, CA 91303",2300000,6392
603,91303,"22314 Cohasset St, Canoga Park, CA 91303",597831,1358
604,91303,"22355 Kittridge St, Woodland Hills, CA 91303",609950,1500
605,91303,"7131 Farralone Ave UNIT 41, Los Angeles, CA 91303",297600,471
607,91303,"7443 7445 N Jordan Ave, Canoga Park, CA",889500,2327
610,91303,"6950 Remmet Ave APT 2, Los Angeles, CA 91303",379999,1064
612,91303,"7052 Alabama Ave, Canoga Park, CA 91303",2850000,8234
613,91303,"6901 Variel Ave, Canoga Park, CA 91303",625000,1630
614,91303,"7543 Jordan Ave, Canoga Park, CA 91303",549000,984
616,91306,"7959 Mcnulty Ave, Winnetka, CA 91306",599000,1697
617,91306,"7014 Quartz Ave, Winnetka, CA 91306",575000,1442
618,91306,"20350 Bryant St, Winnetka, CA 91306",599900,1300
619,91306,"8041 Kelvin Ave, Winnetka, CA 91306",549000,1337
621,91306,"20234 Cantara St UNIT 253, Los Angeles, CA 91306",249900,444
623,91306,"6715 Corbin Ave, Winnetka, CA 91306",825000,2274
624,91306,"20606 Green Ash Ln, Winnetka, CA 91306",615266,1844
625,91306,"20008 Sherman Way APT A, Los Angeles, CA 91306",510000,1860
626,91306,"20225 Cohasset St UNIT 5, Winnetka, CA 91306",350000,1370
628,91306,"20216 Roscoe Blvd UNIT 11, Los Angeles, CA 91306",349999,1127
629,91306,"20246 Cohasset St UNIT 15, Winnetka, CA 91306",339999,1050
630,91306,"8600 Penfield Ave, Winnetka, CA 91306",950000,2100
631,91306,"20234 Cantara St UNIT 129, Los Angeles, CA 91306",319999,925
632,91306,"8011 Comanche Ave, Winnetka, CA 91306",675000,1733
633,91306,"20200 Ingomar St, Winnetka, CA 91306",649999,1928
635,91306,"20300 Vanowen St APT 42, Los Angeles, CA 91306",539500,1824
636,91306,"7713 Quakertown Ave, Winnetka, CA 91306",563309,1291
638,91306,"20234 Cantara St UNIT 257, Los Angeles, CA 91306",247999,663
640,91306,"20203 Cohasset St UNIT 10, Winnetka, CA 91306",309000,890
644,91306,"8360 Delco Ave, Winnetka, CA 91306",685000,1425
646,91306,"19938 Sherman Way APT A, Los Angeles, CA 91306",515000,1860
647,91306,"20501 Vose St, Winnetka, CA 91306",799900,2629
648,91306,"8526 Lurline Ave, Winnetka, CA 91306",649900,1479
649,91306,"20601 Roscoe Blvd UNIT D, Los Angeles, CA 91306",438429,1478
650,91306,"20134 Leadwell St UNIT 245, Los Angeles, CA 91306",425000,1439
651,91306,"20415 Roscoe Blvd, Winnetka, CA 91306",599000,1321
653,91306,"20225 Cohasset St UNIT 2, Winnetka, CA 91306",369999,1370
654,91306,"20349 Valerio St, Winnetka, CA 91306",654000,2314
658,91307,"7150 Atheling Way, West Hills, CA 91307",649000,1675
660,91307,"231 Bell Canyon Rd, Bell Canyon, CA 91307",1350000,3556
661,91307,"27 Coolwater Rd, Bell Canyon, CA 91307",1379900,3852
662,91307,"7322 Capistrano Ave, West Hills, CA 91307",739000,1288
663,91307,"23940 Pentland Way, West Hills, CA 91307",965000,1598
664,91307,"7442 Sale Ave, West Hills, CA 91307",648000,1754
665,91307,"7456 Sale Ave, West Hills, CA 91307",679999,1358
666,91307,"23 Colt Ln, Bell Canyon, CA 91307",1269000,2867
667,91307,"6513 Franrivers Ave, West Hills, CA 91307",830000,1808
668,91307,"61 Saddlebow Rd, Bell Canyon, CA 91307",1499000,3134
670,91307,"7309 Hillsview Ct, West Hills, CA 91307",1449000,3372
671,91307,"6921 Lena Ave, West Hills, CA 91307",699000,1439
673,91307,"24254 Highlander Rd, West Hills, CA 91307",650000,1908
674,91307,"23800 Kittridge St, West Hills, CA 91307",620000,1160
675,91307,"6443 Woodlake Ave, West Hills, CA 91307",676000,1477
676,91307,"21 Coolwater Rd, Bell Canyon, CA 91307",2500000,5217
677,91307,"24027 Welby Way, West Hills, CA 91307",699000,1570
678,91307,"18 Sage Ln, Bell Canyon, CA 91307",2695000,7006
679,91307,"10 Corral Rd, Bell Canyon, CA 91307",2950000,5131
680,91307,"24357 Welby Way, West Hills, CA 91307",849000,1570
682,91307,"6858 Sausalito Ave, West Hills, CA 91307",700000,1742
685,91307,"23511 Victory Blvd, West Hills, CA 91307",675000,1610
686,91307,"5 Baymare Rd, Bell Canyon, CA 91307",1219000,2865
688,91307,"19 Buckskin Rd, Bell Canyon, CA 91307",1479000,2573
689,91307,"117 Saddlebow Rd, Bell Canyon, CA 91307",2048000,5028
691,91307,"23348 Balmoral Ln, West Hills, CA 91307",1049000,2254
692,91307,"22664 Cohasset St, West Hills, CA 91307",739000,1400
693,91307,"2 Buckskin Ct, Bell Canyon, CA 91307",2195000,4792
694,91307,"23349 Welby Way, West Hills, CA 91307",615000,1250
695,91307,"23401 Haynes St, West Hills, CA 91307",799000,2417
696,92397,"1799 Betty St, Wrightwood, CA 92397",429900,1876
697,92397,"1111 Apple Ave, Wrightwood, CA 92397",999000,6602
698,92397,"1420 Betty St, Wrightwood, CA 92397",259000,1378
699,92397,"2320 E Canyon Dr, Wrightwood, CA 92397",319900,1340
700,92397,"1631 Betty St, Wrightwood, CA 92397",489101,2502
701,92397,"2415 Andermott Dr, Wrightwood, CA 92397",550000,1992
702,92397,"2075 Spruce Dr, Wrightwood, CA 92397",205000,1440
703,92397,"800 Swathout Canyon Rd, Wrightwood, CA 92397",539000,4760
704,92397,"1132 Edna St, Wrightwood, CA 92397",419900,1819
705,92397,"1 Vac/swallowhill Dr Pav /vic Fl, Wrightwood, CA 92397",66800,9082
707,92397,"1404 Irene St, Wrightwood, CA 92397",179000,546
708,92397,"Blackbird Rd, Wrightwood, CA 92397",30000,5519
709,92397,"2073 Mojave Scenic Dr, Wrightwood, CA 92397",328700,1856
710,92397,"2061 Mojave Scenic Dr, Wrightwood, CA 92397",30000,4800
711,92397,"5430 Acorn Dr, Wrightwood, CA 92397",384900,2048
712,92397,"7630 Sand Canyon Rd, Wrightwood, CA 92397",319900,1274
715,92397,"5676 Sheep Creek Dr, Wrightwood, CA 92397",314000,1288
718,92397,"1132 Oriole Rd, Wrightwood, CA 92397",325000,1400
719,92397,"7788 Pipeline Rd, Wrightwood, CA 92397",340000,1342
720,92397,"1105 Rivera Dr, Wrightwood, CA 92397",409000,1890
721,92397,"1731 Betty St, Wrightwood, CA 92397",409900,2236
723,92397,"23316 Flume Canyon Dr, Wrightwood, CA 92397",399900,2317
725,92397,"5500 Easter Dr, Wrightwood, CA 92397",159900,7740
726,92397,"5427 Heath Creek Dr, Wrightwood, CA 92397",429900,2541
727,92397,"5757 Lodgepole Rd, Wrightwood, CA 92397",379900,1443
728,92397,"0 Edna St, Wrightwood, CA 92397",118000,10001
730,92397,"5420 Shirley J Ln, Wrightwood, CA 92397",474900,2574
731,92397,"Lone Pine Canyon Road, Wrightwood, CA 92397",79900,7501
732,92397,"1826 Irene St, Wrightwood, CA 92397",340000,1062
733,92397,"488 Hwy 2, Wrightwood, CA 92397",1399000,5743
734,92397,"5784 Victorville St, Wrightwood, CA 92397",415000,2510
735,92397,"1494 Laura St, Wrightwood, CA 92397",139950,510
736,91311,"9110 Foster Ln, Chatsworth, CA 91311",699000,2236
737,91311,"21624 Wo He Lo Trl, Chatsworth, CA 91311",250000,5902
738,91311,"30 Coya Trl, Chatsworth, CA 91311",50000,5022
739,91311,"0 Ehlers Dr, Chatsworth, CA 91311",89000,6037
740,91311,"20470 Nashville St, Chatsworth, CA 91311",1175000,4310
741,91311,"9900 Jordan Ave UNIT 62, Chatsworth, CA 91311",325000,870
742,91311,"10145 Remmet Ave, Chatsworth, CA 91311",995000,2218
743,91311,"11327 Old Ranch Cir, Chatsworth, CA 91311",699000,1931
744,91311,"23532 Ehlers Dr, Chatsworth, CA 91311",829000,1775
745,91311,"10121 Larwin Ave UNIT 4, Los Angeles, CA 91311",540000,2008
746,91311,"21642 Wahoo Trl, Chatsworth, CA 91311",587000,1901
747,91311,"11528 Verona Dr, Chatsworth, CA 91311",628999,1960
748,91311,"20471 Shamrock Pl, Chatsworth, CA 91311",854999,2262
749,91311,"10731 Fullbright Ave, Chatsworth, CA 91311",938466,2527
750,91311,"11401 Topanga Canyon Blvd SPC 38, Chatsworth, CA 91311",189900,1288
751,91311,"23136 Schumann Rd, Chatsworth, CA 91311",424900,653
752,91311,"19946 Merridy St, Chatsworth, CA 91311",869950,3570
753,91311,"21500 Lassen St SPC 82, Chatsworth, CA 91311",135000,1160
754,91311,"20826 W Oklahoma Ct, Chatsworth, CA 91311",749000,2133
755,91311,"20821 W Oklahoma Ct, Chatsworth, CA 91311",719000,2133
756,91311,"20820 W Oklahoma Ct, Chatsworth, CA 91311",729000,2133
757,91311,"20827 W Oklahoma Ct, Chatsworth, CA 91311",749000,2133
758,91311,"20802 W Oklahoma Ct, Chatsworth, CA 91311",729000,2133
759,91311,"20809 W Oklahoma Ct, Chatsworth, CA 91311",719000,2133
760,91311,"20803 W Oklahoma Ct, Chatsworth, CA 91311",729000,2133
761,91311,"20808 W Oklahoma Ct, Chatsworth, CA 91311",729000,2133
762,91311,"20815 W Oklahoma Ct, Chatsworth, CA 91311",719000,2133
763,91311,"10416 Larwin Ave, Chatsworth, CA 91311",410777,1072
764,91311,"10228 Variel Ave UNIT 5, Los Angeles, CA 91311",515000,1508
765,91311,"22401 Plummer St, Chatsworth, CA 91311",2795000,5022
766,91311,"21500 Lassen St SPC 150, Chatsworth, CA 91311",195000,1248
768,91311,"20310 Devonshire St, Chatsworth, CA 91311",750000,2454
769,91311,"10065 De Soto Ave UNIT 108, Los Angeles, CA 91311",319000,937
770,91311,"10356 Topanga Canyon Blvd, Chatsworth, CA 91311",399999,1172
771,91311,"10028 Nita Ave, Chatsworth, CA 91311",998000,3476
773,91311,"9218 Slater Ter, Chatsworth, CA 91311",445000,1186
774,91311,"19863 Dina Pl, Chatsworth, CA 91311",1349000,3989
776,91316,"17400 Bullock St, Encino, CA 91316",1049000,2200
777,91316,"5315 Zelzah Ave APT 1, Los Angeles, CA 91316",460000,1276
778,91316,"4701 Balboa Ave, Encino, CA 91316",16000000,8815
779,91316,"5403 Newcastle Ave APT 42, Los Angeles, CA 91316",299000,648
780,91316,"17914 Magnolia Blvd UNIT 121, Los Angeles, CA 91316",495000,1107
781,91316,"5350 White Oak Ave APT 202, Los Angeles, CA 91316",499000,1441
782,91316,"5400 Newcastle Ave APT 6, Los Angeles, CA 91316",339999,903
783,91316,"5347 Aldea Ave, Encino, CA 91316",2949000,4486
784,91316,"5266 Amestoy Ave, Encino, CA 91316",5499000,9279
785,91316,"5334 Lindley Ave UNIT 307, Los Angeles, CA 91316",349900,823
786,91316,"5534 Encino Ave APT 308, Los Angeles, CA 91316",459950,1253
788,91316,"5019 Genesta Ave, Encino, CA 91316",2063392,2719
789,91316,"16926 Magnolia Blvd, Encino, CA 91316",1349000,2087
790,91316,"5245 White Oak Ave APT 8, Los Angeles, CA 91316",795000,2400
791,91316,"17070 Rancho St, Encino, CA",5495000,7200
792,91316,"4555 White Oak Ave, Encino, CA 91316",3988000,6200
793,91316,"5334 Lindley Ave UNIT 340, Encino, CA 91316",399900,1000
794,91316,"5460 White Oak Ave UNIT A335, Los Angeles, CA 91316",349800,1009
795,91316,"17901 Collins St, Encino, CA 91316",965000,2203
796,91316,"4841 Alonzo Ave, Encino, CA 91316",2798000,4450
797,91316,"17956 Lake Vista Dr, Encino, CA 91316",2395000,4362
798,91316,"4775 Yarmouth Ave, Encino, CA 91316",1699000,2225
799,91316,"17264 Luverne Pl, Los Angeles, CA 91316",1875000,3115
800,91316,"17426 Martha St, Encino, CA 91316",999999,2091
801,91316,"5330 Zelzah Ave APT 15, Los Angeles, CA 91316",499900,1303
802,91316,"17230 Silver Ln, Encino, CA 91316",3000000,6263
803,91316,"6331 Zelzah Ave, Encino, CA 91316",939000,1773
804,91316,"4717 Encino Ave, Encino, CA 91316",5595000,7500
805,91316,"5334 Lindley Ave UNIT 101, Los Angeles, CA 91316",349000,823
806,91316,"5429 Newcastle Ave APT 207, Los Angeles, CA 91316",289000,726
807,91316,"5447 Zelzah Ave APT 130, Los Angeles, CA 91316",326500,924
808,91316,"5460 White Oak Ave UNIT K207, Los Angeles, CA 91316",309000,990
809,91316,"4704 Balboa Ave, Encino, CA 91316",4750000,6700
812,91316,"5400 Genesta Ave, Encino, CA 91316",1995000,4078
815,91316,"4832 Balboa Ave UNIT A, Los Angeles, CA 91316",699000,1783
816,91321,"0 Larkhaven Pl, Newhall, CA",100000,8267
817,91321,"19418 San Marino Ct, Santa Clarita, CA 91321",554900,1812
818,91321,"19716 Avenue Of The Oaks, Santa Clarita, CA 91321",249900,843
819,91321,"25149 Wheeler Rd, Santa Clarita, CA 91321",552000,1478
820,91321,"25007 Peachland Ave UNIT 120, Santa Clarita, CA 91321",289000,867
821,91321,"19653 Crystal Springs Ct, Santa Clarita, CA 91321",620000,1587
822,91321,"26331 Oakspur Dr UNIT B, Santa Clarita, CA 91321",340000,851
823,91321,"26801 Circle Of The Oaks, Santa Clarita, CA 91321",355000,1077
824,91321,"19401 San Marino Ct, Santa Clarita, CA 91321",619997,2139
825,91321,"25242 De Wolfe Rd, Santa Clarita, CA 91321",579000,1262
826,91321,"21117 Placerita Canyon Rd, Santa Clarita, CA 91321",1089000,2176
828,91321,"24155 Arch St, Santa Clarita, CA 91321",679950,1552
829,91321,"25015 Vermont Dr, Newhall, CA 91321",875000,3396
831,91321,"25033 Chestnut St, Santa Clarita, CA 91321",599900,1396
832,91321,"26328 Oak Highland Dr UNIT C, Santa Clarita, CA 91321",358000,909
833,91321,"26730 Oak Garden Ct, Santa Clarita, CA 91321",335000,1270
834,91321,"26379 Oak Highland Dr UNIT A, Santa Clarita, CA 91321",325000,909
835,91321,"25043 Green Mill Ave, Santa Clarita, CA 91321",810000,2807
836,91321,"26492 Fairway Cir, Santa Clarita, CA 91321",439000,1387
838,91321,"18926 Circle Of The Oaks, Santa Clarita, CA 91321",359000,1254
839,91321,"21202 Oakleaf Canyon Dr, Santa Clarita, CA 91321",650000,2297
840,91321,"19358 Anzel Cir, Santa Clarita, CA 91321",375000,1123
841,91321,"24506 Skyridge Dr, Santa Clarita, CA 91321",799999,3081
843,91321,"24869 Fourl Rd, Santa Clarita, CA 91321",685000,2076
844,91321,"23500 Old Rd # 45, County Los Angeles, CA 91321",89900,1056
845,91321,"25000 De Wolfe Rd, Newhall, CA 91321",39999,10018
846,91321,"25078 Highspring Ave, Santa Clarita, CA 91321",665000,2157
848,91321,"26325 Green Terrace Dr, Newhall, CA 91321",427000,1178
851,91321,"19808 Sandpiper Pl UNIT 4, Santa Clarita, CA 91321",367999,1078
852,91321,"20078 Avenue Of The Oaks, Santa Clarita, CA 91321",424999,1268
854,91321,"19846 Sandpiper Pl UNIT 82, Santa Clarita, CA 91321",364999,1078
855,91321,"26477 Fairway Cir, Santa Clarita, CA 91321",449000,1162
856,91325,"8635 Amestoy Ave, Sherwood Forest, CA 91325",950000,2000
857,91325,"18180 Andrea Cir N UNIT 4, Northridge, CA 91325",536000,1824
858,91325,"17528 Marilla St, Northridge, CA 91325",900000,2176
859,91325,"7727 Louise Ave, Northridge, CA 91325",715000,1568
860,91325,"9429 Louise Ave, Northridge, CA 91325",799000,2064
862,91325,"17625 Mayall St, Northridge, CA 91325",799000,2315
863,91325,"17241 Roscoe Blvd UNIT 11, Los Angeles, CA 91325",469000,1280
864,91325,"18444 Lemarsh St UNIT 40, Los Angeles, CA 91325",470000,1518
865,91325,"8438 Zelzah Ave, Northridge, CA 91325",699000,1692
866,91325,"17425 Napa St, Sherwood Forest, CA 91325",1325000,3615
869,91325,"7843 Louise Ave, Northridge, CA 91325",699000,1659
871,91325,"9639 Paso Robles Ave, Northridge, CA 91325",1295000,4003
873,91325,"8556 Newcastle Ave, Northridge, CA 91325",2490000,6101
874,91325,"9343 White Oak Ave, Northridge, CA 91325",920000,3012
875,91325,"8111 Andasol Ave, Northridge, CA 91325",735000,1650
876,91325,"17785 Merridy St, Northridge, CA 91325",564999,2110
877,91325,"8555 Paso Robles Ave, Sherwood Forest, CA 91325",1379000,2839
879,91325,"17115 Roscoe Blvd UNIT 2, Los Angeles, CA 91325",419900,1403
880,91325,"17550 Roscoe Blvd, Northridge, CA 91325",730000,2332
881,91325,"9447 Brandon Ct, Northridge, CA 91325",935900,3932
884,91325,"17734 Devonshire St UNIT 3, Los Angeles, CA 91325",499900,1390
886,91325,"18175 Eccles St, Northridge, CA 91325",721320,2234
888,91325,"8807 Nestle Ave, Northridge, CA 91325",643256,1674
889,91325,"8820 Encino Ave, Sherwood Forest, CA 91325",1449999,5195
890,91325,"17100 Halsted St, Northridge, CA 91325",2360000,6250
892,91325,"8333 Lindley Ave, Northridge, CA 91325",1895000,7300
893,91325,"18441 Napa St, Northridge, CA 91325",995000,1472
894,91325,"17131 Roscoe Blvd UNIT 8, Los Angeles, CA 91325",382500,1368
896,91324,"19303 Citronia St, Northridge, CA 91324",899000,2978
897,91324,"19510 Empire Ln, Northridge, CA 91324",738000,2078
898,91324,"9639 Amigo Ave, Northridge, CA 91324",815000,3065
902,91324,"19100 Community St, Northridge, CA 91324",699900,1740
905,91324,"19244 Superior St, Northridge, CA 91324",1100000,3286
907,91324,"9433 Geyser Ave, Northridge, CA 91324",648950,1470
908,91324,"19502 Cardigan Dr, Northridge, CA 91324",689500,1854
909,91324,"18650 Sunburst St, Northridge, CA 91324",685000,1775
911,91324,"10126 Vanalden Ave, Northridge, CA 91324",999900,3176
912,91324,"8418 N Fusion Way, Los Angeles, CA",611510,1643
913,91324,"18909 Romar St, Northridge, CA 91324",1039000,2442
914,91324,"19249 Chase St, Northridge, CA 91324",784900,2631
919,91324,"9111 Crebs Ave, Northridge, CA 91324",775829,1768
920,91324,"8410 N Fusion Way, Northridge, CA",615510,1643
921,91324,"8517 Geyser Ave, Northridge, CA 91324",646930,1851
922,91324,"18635 Malden St, Northridge, CA 91324",749900,2877
925,91324,"19545 Empire Ln, Northridge, CA",749000,2035
927,91324,"18532 Mayall St UNIT A, Los Angeles, CA 91324",444900,1370
928,91324,"19144 Lassen St, Northridge, CA 91324",865000,2876
929,91324,"18451 W Calico, Northridge, CA 91324",650832,1733
930,91324,"19160 Marilla St, Northridge, CA 91324",945000,2587
932,91324,"8416 N Fusion Way, Los Angeles, CA",627154,1643
933,91324,"9421 Vanalden Ave, Northridge, CA 91324",1299999,5606
934,91324,"8420 N Fusion Way, Los Angeles, CA",623154,1643
935,91324,"8422 N Fusion Way, Los Angeles, CA",608530,1617
936,91326,"19223 Index St UNIT 3, Los Angeles, CA 91326",595000,1679
937,91326,"18638 Kenya St, Porter Ranch, CA 91326",729000,2019
938,91326,"19067 Celtic St, Porter Ranch, CA 91326",849000,2154
939,91326,"19527 Turtle Ridge Ln, Porter Ranch, CA 91326",585000,1787
940,91326,"11957 Mirabel Way, Porter Ranch, CA",1649995,3363
941,91326,"12201 Kristopher Pl, Porter Ranch, CA 91326",799900,1700
942,91326,"10841 Reseda Blvd, Porter Ranch, CA 91326",649999,1882
943,91326,"20084 Pienza Ln, Northridge, CA 91326",719000,1563
944,91326,"11753 Killimore Ave, Porter Ranch, CA 91326",999000,2552
945,91326,"20523 Como Ln, Porter Ranch, CA 91326",983500,2857
946,91326,"20168 Jubilee Way, Northridge, CA 91326",2600000,4750
947,91326,"18657 Brymer St, Porter Ranch, CA 91326",729950,1418
948,91326,"19128 Castlebay Ln, Porter Ranch, CA 91326",899950,2450
949,91326,"18406 Chatham Ln, Porter Ranch, CA 91326",1299999,4270
950,91326,"20151 Via Medici, Porter Ranch, CA 91326",1850000,4721
951,91326,"19422 Crystal Ridge Ln, Porter Ranch, CA 91326",595000,1787
952,91326,"18940 Brasilia Dr, Porter Ranch, CA 91326",985000,3380
953,91326,"20805 W Acorn Cir, Porter Ranch, CA",866420,1873
954,91326,"20814 W Acorn Cir, Porter Ranch, CA",892784,2052
956,91326,"20248 Via Madrigal, Northridge, CA 91326",1456000,3665
957,91326,"20808 Daosta Way, Northridge, CA 91326",1049000,2251
958,91326,"19650 Pine Valley Ave, Porter Ranch, CA 91326",1150000,2505
960,91326,"19553 Bermuda St, Porter Ranch, CA 91326",1225000,3080
963,91326,"20445 W Esmerelda Ln, Northridge, CA 91326",1199000,3559
965,91326,"11516 Bargello Way, Northridge, CA 91326",699800,1563
966,91326,"12400 Raleigh Ct, Porter Ranch, CA 91326",1299999,3300
967,91326,"18960 Vista Grande Way, Porter Ranch, CA 91326",979000,3380
968,91326,"19356 Vista Grande Way, Porter Ranch, CA 91326",1199000,3538
969,91326,"20176 Via Galileo, Porter Ranch, CA 91326",1260000,3194
970,91326,"18257 Chatsworth St, Porter Ranch, CA 91326",1299995,3126
973,91326,"10313 Claire Ave, Porter Ranch, CA 91326",899900,2333
974,91326,"12148 Oak Springs Ln, Porter Ranch, CA 91326",808000,2235
975,91326,"20824 Pine Cone Cir, Porter Ranch, CA",988355,2799
976,91331,"13573 Ottoman St, Arleta, CA 91331",569000,1206
977,91331,"13342 Gager St, Pacoima, CA 91331",560000,848
978,91331,"12705 Eagle Rock Way, Pacoima, CA 91331",450000,1869
979,91331,"8743 Roslyndale Ave, Arleta, CA 91331",530000,1219
980,91331,"13501 Cornelius St, Pacoima, CA 91331",479900,960
981,91331,"13505 Terra Bella St, Pacoima, CA 91331",469990,800
982,91331,"10923 Jamie Ave, Pacoima, CA 91331",575000,1700
983,91331,"10917 Jamie Ave, Pacoima, CA 91331",590000,2440
984,91331,"11379 Villa Del Sol, Pacoima, CA 91331",499999,1797
985,91331,"13378 Terra Bella St, Pacoima, CA 91331",749990,2013
986,91331,"9863 Rincon Ave, Pacoima, CA 91331",669900,2125
987,91331,"9884 Stanwin Ave, Arleta, CA 91331",550000,1583
988,91331,"12351 Osborne Pl APT 2, Los Angeles, CA 91331",324950,1070
989,91331,"12364 Osborne St, Pacoima, CA 91331",8890000,32444
990,91331,"8861 Canterbury Ave, Arleta, CA 91331",949900,2468
991,91331,"10417 Telfair Ave, Pacoima, CA 91331",425000,900
992,91331,"13755 Wingo St, Arleta, CA 91331",514900,1206
993,91331,"13706 Judd St, Pacoima, CA 91331",489000,528
994,91331,"9364 Hawk Eye Ln, Pacoima, CA 91331",639000,2107
995,91331,"11462 Fox Hollow Ln # 141, Pacoima, CA 91331",449000,1319
996,91331,"13069 Pinney St, Pacoima, CA 91331",499975,1732
997,91331,"14074 Van Nuys Blvd APT 1, Arleta, CA 91331",310000,963
999,91331,"13118 Hoyt St, Pacoima, CA 91331",375000,764
1001,91331,"11384 Dronfield Ter # 36, Pacoima, CA 91331",349000,1729
1002,91331,"13971 Weidner St, Pacoima, CA 91331",679000,1600
1003,91331,"9541 Woodman Ave APT 5, Arleta, CA 91331",357900,1179
1004,91331,"12601 Van Nuys Blvd UNIT 144, Los Angeles, CA 91331",250000,816
1005,91331,"12601 Van Nuys Blvd UNIT 208, Los Angeles, CA 91331",265000,873
1008,91331,"9344 Stanwin Ave, Arleta, CA 91331",518000,1350
1009,91331,"12449 Sonoma Dr, Pacoima, CA 91331",499900,1861
1012,91331,"14000 Remington St, Arleta, CA 91331",650000,1212
1015,91331,"9744 Beachy Ave, Arleta, CA 91331",510000,1120
1016,91335,"6519 Tampa Ave, Reseda, CA 91335",499000,1440
1017,91335,"17816 Baltar St, Reseda, CA 91335",759000,1765
1018,91335,"6634 Wynne Ave, Reseda, CA 91335",529000,1043
1019,91335,"18560 Vanowen St UNIT 5, Los Angeles, CA 91335",349950,1172
1020,91335,"18406 Sylvan St, Tarzana, CA 91335",619900,1499
1021,91335,"7517 Darby Ave, Reseda, CA 91335",969000,2820
1022,91335,"19350 Sherman Way UNIT 303, Los Angeles, CA 91335",359950,862
1023,91335,"19350 Sherman Way UNIT 338, Los Angeles, CA 91335",335000,849
1024,91335,"19559 Valerio St, Reseda, CA 91335",637000,1851
1025,91335,"7435 Donna Ave, Reseda, CA 91335",599000,1366
1026,91335,"8224 Chimineas Ave, Reseda, CA 91335",599000,1372
1027,91335,"7943 Bothwell Rd, Reseda, CA 91335",599999,1775
1028,91335,"7523 Bovey Ave, Reseda, CA 91335",619950,1608
1029,91335,"19350 Sherman Way UNIT 324, Los Angeles, CA 91335",299000,619
1030,91335,"19031 Hamlin St UNIT 8, Los Angeles, CA 91335",469000,1156
1031,91335,"19407 Lorne St, Reseda, CA 91335",699900,1552
1032,91335,"17851 Burton St, Reseda, CA 91335",564500,1192
1033,91335,"7625 Reseda Blvd UNIT 204, Los Angeles, CA 91335",429900,1434
1034,91335,"6316 Wynne Ave, Tarzana, CA 91335",725000,1761
1035,91335,"6612 Nestle Ave, Reseda, CA 91335",524000,1511
1036,91335,"18021 Hatton St, Reseda, CA 91335",610000,1784
1037,91335,"7631 Reseda Blvd UNIT 44-Y, Los Angeles, CA 91335",344900,1108
1038,91335,"7555 Donna Ave, Reseda, CA 91335",590234,1264
1039,91335,"7818 Geyser Ave, Reseda, CA 91335",643693,1620
1040,91335,"6601 Jamieson Ave, Reseda, CA 91335",799900,1828
1041,91335,"6618 Jamieson Ave, Reseda, CA 91335",949000,1972
1042,91335,"6954 Tampa Ave, Reseda, CA 91335",525000,1258
1043,91335,"18656 Saticoy St, Reseda, CA 91335",699000,1705
1044,91335,"6506 Yolanda Ave, Reseda, CA 91335",790000,1620
1045,91335,"18329 Bassett St, Reseda, CA 91335",539950,1122
1046,91335,"7434 Nestle Ave, Reseda, CA 91335",760000,1884
1047,91335,"7942 N Keer Dr, Tarzana, CA 91335",750900,2141
1051,91335,"7537 Garden Grove Ave, Reseda, CA 91335",629300,1846
1053,91335,"18609 Arminta St, Reseda, CA 91335",785000,2488
1054,91335,"18424 Keswick St UNIT 20, Los Angeles, CA 91335",435500,1516
1055,91335,"6545 Reseda Blvd UNIT 17, Los Angeles, CA 91335",349000,967
1056,91340,"11960 Sproule Ave, San Fernando, CA 91340",507000,1025
1057,91340,"13428 Vaughn St, San Fernando, CA 91340",529990,1401
1058,91340,"315 Harps St, San Fernando, CA 91340",549985,1794
1059,91340,"1120 Warren St, San Fernando, CA 91340",485000,1054
1060,91340,"14550 San Fernando Mission Blvd, San Fernando, CA 91340",650000,2075
1061,91340,"10943 Laurel Canyon Blvd UNIT C13, Los Angeles, CA 91340",289000,841
1062,91340,"1808 4th St, San Fernando, CA 91340",505000,1184
1063,91340,"713 N Hagar St, San Fernando, CA 91340",799000,2658
1064,91340,"1037 Mott St, San Fernando, CA 91340",470000,770
1065,91340,"13313 Vaughn St, San Fernando, CA 91340",339000,836
1069,91340,"608 N Maclay Ave, San Fernando, CA 91340",1325000,2639
1070,91340,"12614 Cometa Ave, San Fernando, CA 91340",539900,1516
1073,91340,"1406 Pico St, San Fernando, CA 91340",469900,864
1075,91340,"1310 Omelveny Ave, San Fernando, CA 91340",465000,703
1076,91340,"12741 Borden Ave, San Fernando, CA 91340",649777,1680
1077,91340,"13023 Corcoran St, San Fernando, CA 91340",552316,1818
1083,91340,"1401 Glenoaks Blvd, San Fernando, CA 91340",495000,1690
1085,91343,"9521 Ruffner Ave, Northridge, CA 91343",679000,1462
1086,91343,"10109 Collett Ave, North Hills, CA 91343",664990,1609
1087,91343,"9810 Danube Ave, North Hills, CA 91343",649000,1616
1088,91343,"9232 Hayvenhurst Ave, North Hills, CA 91343",589950,1891
1089,91343,"8435 Columbus Ave UNIT 17, Los Angeles, CA 91343",349950,1250
1090,91343,"8614 Marklein Ave, North Hills, CA 91343",665000,1600
1091,91343,"8435 Columbus Ave UNIT 10, Los Angeles, CA 91343",370000,1250
1092,91343,"9834 Sepulveda Blvd UNIT 112, Los Angeles, CA 91343",324950,909
1093,91343,"8960 Orion Ave, North Hills, CA 91343",10000000,28742
1094,91343,"16241 Itasca St, North Hills, CA 91343",699000,1812
1095,91343,"1600 Septo, North Hills, CA 91343",615000,1635
1096,91343,"16816 Septo St, Granada Hills, CA 91343",765000,1968
1100,91343,"8533 Gothic Ave, North Hills, CA 91343",719000,1350
1104,91343,"9831 Sepulveda Blvd UNIT 28, Los Angeles, CA 91343",329950,914
1108,91343,"10118 Sophia Ave, North Hills, CA 91343",879000,3348
1109,91343,"16702 Rayen St, North Hills, CA 91343",604200,2119
1111,91343,"9422 Woodley Ave, North Hills, CA 91343",680270,1760
1113,91343,"14862 Gotham St, North Hills, CA 91343",565000,1617
1116,91343,"9714 Sepulveda Blvd UNIT 207, Los Angeles, CA 91343",340000,844
1117,91343,"9661 Kester Ave, North Hills, CA 91343",649000,1523
1121,91343,"8505 Columbus Ave UNIT 201, Los Angeles, CA 91343",238000,814
1123,91343,"8505 Columbus Ave UNIT 311, Los Angeles, CA 91343",249000,852
1125,91342,"12617 Haddon Ave, Sylmar, CA 91342",570000,1608
1126,91342,"13080 Dronfield Ave UNIT 81, Los Angeles, CA 91342",285000,860
1127,91342,"11701 Hunnewell Ave, Sylmar, CA 91342",574900,1326
1128,91342,"12807 N Watt Ln, Sylmar, CA",535900,1863
1129,91342,"12808 N Watt Ln, Sylmar, CA",440900,1285
1130,91342,"12792 Rajah St, Sylmar, CA 91342",545000,1274
1139,91342,"14201 Foothill Blvd UNIT 40, Los Angeles, CA 91342",350000,1172
1141,91342,"13889 Wallabi Ave, Sylmar, CA 91342",235000,7993
1142,91342,"14069 Carlton Ln, Sylmar, CA 91342",520000,2050
1144,91342,"13113 Mesa Verde Way, Sylmar, CA 91342",719950,3606
1145,91342,"13713 Deane Ln, Sylmar, CA 91342",499900,1706
1147,91342,"15092 Paddock St, Sylmar, CA 91342",619950,2065
1148,91342,"11803 Glamis St, Sylmar, CA 91342",695000,1632
1149,91342,"15455 Glenoaks Blvd SPC 159, Sylmar, CA 91342",248500,1738
1150,91342,"13825 Beaver St UNIT 48, Los Angeles, CA 91342",330000,1146
1151,91342,"13263 W Sevillana Way, Sylmar, CA",563990,1581
1152,91342,"13408 N Manzanillo Ln, Sylmar, CA",553990,1581
1153,91342,"13550 Foothill Blvd, Sylmar, CA 91342",410000,1323
1154,91342,"10430 Arnwood Rd, Sylmar, CA 91342",648000,1570
1155,91342,"13555 Herrick Ave, Sylmar, CA 91342",929000,2362
1156,91342,"13822 Tucker Ave, Sylmar, CA 91342",689999,1848
1157,91342,"12820 N Watt Ln # A, Sylmar, CA 91342",443900,1285
1159,91342,"13400 N Andalusia Ln, Sylmar, CA",558990,1553
1160,91342,"12401 Filmore St SPC 410, Sylmar, CA 91342",83000,1152
1161,91342,"11435 Veranda Dr, Kagel Canyon, CA 91342",85000,4948
1162,91342,"13691 Gavina Ave # 451, Sylmar, CA 91342",140000,1305
1163,91342,"13110 Hummingbird Ln, Sylmar, CA 91342",674999,2338
1169,91345,"14929 Simonds St, Mission Hills, CA 91345",575000,2206
1170,91345,"10020 Sepulveda Blvd APT 113, Los Angeles, CA 91345",389950,1177
1171,91345,"15050 Harvest St, Mission Hills, CA 91345",725000,2652
1173,91345,"15131 Tuba St, Mission Hills, CA 91345",635113,2032
1174,91345,"14366 Germain St, Mission Hills, CA 91345",546658,1477
1176,91345,"11066 Sharp Ave UNIT D, Los Angeles, CA 91345",404900,1269
1178,91345,"15120 Septo St, Mission Hills, CA 91345",594500,1291
1179,91345,"9958 Noble Ave, Mission Hills, CA 91345",749950,2300
1182,91345,"15049 Chatsworth St, Mission Hills, CA 91345",389900,951
1183,91345,"10508 Woodman Ave, Mission Hills, CA 91345",550000,1550
1185,91345,"15535 Tuba St, Mission Hills, CA 91345",599000,1484
1188,91345,"10011 Sepulveda Blvd, Mission Hills, CA 91345",849900,4084
1189,91345,"14650 Lassen St UNIT 14, Los Angeles, CA 91345",380527,1348
1190,91345,"14637 Kingsbury St, Mission Hills, CA 91345",550069,1624
1191,91345,"14915 Sandra St, Mission Hills, CA 91345",552708,1628
1194,91344,"17318 Horace St, Granada Hills, CA 91344",1199000,3650
1195,91344,"17321 Boswell Pl, Granada Hills, CA 91344",795000,2097
1196,91344,"11574 Yarmouth Ave, Granada Hills, CA 91344",1499950,5458
1197,91344,"17055 Halsey St, Granada Hills, CA 91344",785000,2077
1198,91344,"16442 Mckeever St, Granada Hills, CA 91344",525000,1596
1199,91344,"10636 Woodley Ave UNIT 42, Los Angeles, CA 91344",336000,812
1200,91344,"11152 Densmore Ave, Granada Hills, CA 91344",625000,1377
1201,91344,"10525 Louise Ave, Granada Hills, CA 91344",615000,981
1202,91344,"15766 Midwood Dr UNIT 3, Los Angeles, CA 91344",459000,1354
1203,91344,"12600 Jimeno Ave, Granada Hills, CA 91344",950000,2185
1205,91344,"17242 Horace St, Granada Hills, CA 91344",825000,1794
1206,91344,"15948 Harvest St, Granada Hills, CA 91344",825000,1782
1207,91344,"11217 Gothic Ave, Granada Hills, CA 91344",599950,1700
1208,91344,"16430 Mckeever St, Granada Hills, CA 91344",500000,1139
1209,91344,"17116 Goya St, Granada Hills, CA 91344",895000,2702
1211,91344,"17323 Tennyson Pl, Granada Hills, CA 91344",1270000,2886
1212,91344,"16857 San Fernando Mission Blvd UNIT 31, Los Angeles, CA 91344",424990,1228
1213,91344,"13043 Garris Ave, Granada Hills, CA 91344",845000,2357
1215,91344,"17730 Sidwell St, Granada Hills, CA 91344",1250000,3586
1216,91344,"16721 Los Alimos St, Granada Hills, CA 91344",643761,1585
1217,91344,"17212 Courbet St, Granada Hills, CA 91344",899000,2752
1225,91344,"12009 Longacre Ave, Granada Hills, CA 91344",11589000,10492
1226,91344,"12042 Creekview Rd, Granada Hills, CA 91344",1377873,4231
1228,91344,"11160 Montgomery Ave, Granada Hills, CA 91344",795000,1772
1229,91344,"17249 Orozco St, Granada Hills, CA 91344",785000,2506
1230,91344,"15772 Midwood Dr UNIT 1, Los Angeles, CA 91344",519900,1733
1232,91344,"18177 Knollhill, Granada Hills, CA 91344",1950000,3757
1235,91350,"19371 Sidani Ln, Saugus, CA 91350",630000,2380
1237,91350,"19748 Byrne Pl, Saugus, CA 91350",789900,3058
1242,91350,"19123 Graham Ln, Santa Clarita, CA 91350",729950,2636
1243,91350,"28033 Eddie Ln, Santa Clarita, CA 91350",577500,2415
1244,91350,"28381 Santa Rosa Ln, Santa Clarita, CA 91350",419900,1404
1246,91350,"27468 Catala Ave, Santa Clarita, CA 91350",495700,1456
1247,91350,"19551 Laroda Ln, Santa Clarita, CA 91350",430000,1440
1248,91350,"20516 Suzie Ln, Santa Clarita, CA 91350",645000,2702
1249,91350,"19826 Christopher Ln, Santa Clarita, CA 91350",604239,2362
1250,91350,"21977 Propello Dr, Santa Clarita, CA 91350",515000,1719
1251,91350,"19034 Sark Pl, Santa Clarita, CA",859995,2993
1252,91350,"22613 Los Rogues Dr, Santa Clarita, CA 91350",557500,1174
1253,91350,"21513 Rosedell Dr, Santa Clarita, CA 91350",519000,1600
1254,91350,"22424 Barbacoa Dr, Santa Clarita, CA 91350",620000,2175
1255,91350,"28137 Stonington Ln, Santa Clarita, CA 91350",599000,1924
1256,91350,"19120 Lauren Ln, Santa Clarita, CA",784995,3125
1257,91350,"27660 Haskell Canyon Rd UNIT G, Santa Clarita, CA 91350",310000,939
1258,91350,"22056 Alamogordo Rd, Santa Clarita, CA 91350",569900,1188
1259,91350,"27260 Pierce Ln, Santa Clarita, CA 91350",615000,2563
1260,91350,"20504 Sycamore Ct, Santa Clarita, CA 91350",618092,2431
1261,91350,"18244 Nimbus Way, Santa Clarita, CA",699900,2359
1262,91350,"28014 Newfield Ct, Santa Clarita, CA 91350",550000,1927
1263,91350,"27508 Pinecrest Ct, Santa Clarita, CA 91350",539999,1895
1264,91350,"27643 Susan Beth Way UNIT D, Santa Clarita, CA 91350",319500,939
1265,91350,"20751 Plum Canyon Rd UNIT 3, Saugus, CA 91350",292000,834
1266,91350,"20751 Plum Canyon Rd # 3, Santa Clarita, CA 91350",292000,834
1267,91350,"27331 Tempest Pl, Santa Clarita, CA 91350",620000,2563
1268,91350,"19706 Mathilde Ln, Saugus, CA 91350",743787,3518
1270,91350,"22867 Acoustic Dr, Saugus, CA",434990,1355
1272,91350,"22124 Barrington Way, Santa Clarita, CA 91350",579000,2624
1273,91350,"18316 Cachet Way Santa Clarita Ca # 91350, Santa Clarita, CA",719900,2798
1274,91352,"8721 Glenoaks Blvd, Sun Valley, CA 91352",599900,1402
1275,91352,"11113 Cantara St, Sun Valley, CA 91352",657000,2259
1276,91352,"7431 Satsuma Ave, Sun Valley, CA 91352",599950,1319
1277,91352,"10820 Penrose St, Sun Valley, CA 91352",499000,1241
1279,91352,"11047 Cantara St, Sun Valley, CA 91352",649000,1253
1280,91352,"8641 Glenoaks Blvd UNIT 225, Los Angeles, CA 91352",354900,806
1281,91352,"11117 Fleetwood St, Sun Valley, CA 91352",675000,1390
1282,91352,"12013 Neenach St, Sun Valley, CA 91352",849990,2040
1283,91352,"11225 Allegheny St, Sun Valley, CA 91352",595117,1176
1284,91352,"7853 Sancola Ave, Sun Valley, CA 91352",799000,2716
1285,91352,"11836 Rialto St, Sun Valley, CA 91352",639000,1412
1286,91352,"12317 Roscoe Blvd, Sun Valley, CA 91352",529000,1038
1287,91352,"10145 La Tuna Canyon Rd, Sun Valley, CA 91352",749900,1789
1288,91352,"10721 Crockett St, Sun Valley, CA 91352",769000,3258
1289,91352,"8641 Glenoaks Blvd UNIT 210, Los Angeles, CA 91352",348888,825
1290,91352,"9501 Clybourn Ave, Sun Valley, CA 91352",1450000,3900
1292,91352,"10707 New Haven St UNIT 8, Los Angeles, CA 91352",235000,900
1293,91352,"10657 Sherman Way, Sun Valley, CA 91352",489900,962
1295,91352,"8517 Omelveny Ave, Sun Valley, CA 91352",639999,1366
1298,91352,"10950 Saticoy St UNIT 30, Los Angeles, CA 91352",400000,1207
1300,91352,"8619 Bluffdale Dr, Sun Valley, CA 91352",819900,2186
1301,91352,"7321 Satsuma Ave, Sun Valley, CA 91352",615000,1550
1302,91352,"10064 Bromont Ave, Sun Valley, CA 91352",699000,1413
1303,91352,"10141 Elkwood St, Sun Valley, CA 91352",699000,1169
1304,91352,"9936 Roscoe Blvd, Sun Valley, CA 91352",710000,1344
1305,91352,"9325 Sunland Park Dr APT 49, Los Angeles, CA 91352",429900,1056
1306,91352,"7433 Craner Ave, Sun Valley, CA 91352",552606,1242
1311,91352,"11917 Pendleton St, Sun Valley, CA 91352",639000,1000
1314,91351,"19015 Felbridge St, Santa Clarita, CA 91351",460000,1080
1315,91351,"28119 Wildwind Rd, Santa Clarita, CA 91351",549000,1900
1316,91351,"27907 Vista View Dr, Canyon Country, CA 91351",215000,1845
1321,91351,"28144 Langside Ave, Santa Clarita, CA 91351",560000,1665
1322,91351,"18209 Sierra Hwy UNIT 79, Santa Clarita, CA 91351",270000,795
1323,91351,"19114 Wellhaven St, Santa Clarita, CA 91351",464900,1144
1324,91351,"27311 Altamere Ave, Santa Clarita, CA 91351",525000,1319
1325,91351,"20329 Rue Crevier UNIT 547, Santa Clarita, CA 91351",363400,964
1326,91351,"19926 Terri Dr, Santa Clarita, CA 91351",550000,1676
1327,91351,"20401 Soledad Canyon Rd SPC 316, Canyon Country, CA 91351",65500,960
1329,91351,"20401 Soledad Canyon Rd SPC 529, Canyon Country, CA 91351",125000,1400
1331,91351,"16408 Sierra Hwy SPC 10, Canyon Country, CA 91351",61500,880
1332,91351,"21220 Willow Weed Way # 0, Canyon Country, CA 91351",159900,1800
1333,91351,"19138 W Lauren Ln, Santa Clarita, CA",1399995,3538
1334,91351,"18716 Nathan Hill Dr, Santa Clarita, CA 91351",565000,2214
1335,91351,"18716 Nathan Hill Dr, Canyon Country, CA 91351",565000,2214
1336,91351,"19699 May Way, Santa Clarita, CA 91351",668900,2243
1337,91351,"20090 Crestview Dr, Santa Clarita, CA 91351",172900,1482
1338,91351,"20043 Crestview Dr, Santa Clarita, CA 91351",199000,1715
1339,91351,"20108 Delight St, Santa Clarita, CA 91351",549000,1440
1340,91351,"27230 Langside Ave, Santa Clarita, CA 91351",619900,2184
1341,91351,"26500 Snowbird Pl, Canyon Country, CA 91351",639990,2103
1342,91351,"16628 Bermejo St, Canyon Country, CA 91351",739000,2173
1343,91351,"27361 Sierra Hwy SPC 21, Canyon Country, CA 91351",214500,1755
1344,91351,"20401 Soledad Canyon Rd, Canyon Country, CA 91351",96950,1400
1345,91351,"27361 Sierra Hwy SPC 84, Canyon Country, CA 91351",125000,1222
1347,91351,"20401 Soledad Canyon Rd SPC 534, Canyon Country, CA 91351",96950,1404
1348,91351,"18540 Soledad Canyon Rd SPC 31, Canyon Country, CA 91351",48000,960
1352,91351,"19665 Lonerock St, Santa Clarita, CA 91351",610000,1889
1353,91351,"27651 Sienna Ridge Row, Canyon Country, CA 91351",539000,1960
1355,91354,"27072 Jarana Ct, Santa Clarita, CA 91354",625000,1529
1356,91354,"27047 Las Mananitas Dr, Santa Clarita, CA 91354",520000,1306
1361,91354,"27040 Rio Prado Dr, Santa Clarita, CA 91354",499000,1307
1362,91354,"29208 Avenida Avila, Valencia, CA 91354",899000,3685
1364,91354,"29264 Alamo Way, Valencia, CA 91354",475000,1809
1366,91354,"23019 Cheyenne Dr, Valencia, CA 91354",469999,1025
1367,91354,"24156 Jacaranda Ln, Valencia, CA 91354",470000,1420
1368,91354,"22940 Calvello Dr, Santa Clarita, CA 91354",546367,1263
1369,91354,"27827 Crown Court Cir # 55, Valencia, CA 91354",438888,910
1370,91354,"27442 Cherry Creek Dr, Santa Clarita, CA 91354",549000,1245
1371,91354,"28758 Iron Village Dr, Santa Clarita, CA 91354",785000,2942
1372,91354,"27563 Weeping Willow Dr, Valencia, CA 91354",654900,2366
1373,91354,"28001 Memory Ln, Valencia, CA 91354",600000,1671
1374,91354,"27403 Coldwater Dr, Valencia, CA 91354",570000,2156
1375,91354,"24522 Montevista Cir, Valencia, CA 91354",549500,1694
1376,91354,"29041 Sterling Ln, Valencia, CA 91354",799000,3011
1377,91354,"23715 Greystone Ct, Valencia, CA 91354",649000,1713
1378,91354,"23824 Toscana Dr, Valencia, CA 91354",449900,1390
1379,91354,"27470 Hillcrest Pl, Santa Clarita, CA 91354",790000,2471
1380,91354,"27080 Rio Pecos Dr, Valencia, CA 91354",459900,1307
1382,91354,"27080 Rio Pecos Dr, Santa Clarita, CA 91354",459900,1307
1384,91354,"29349 Via Milagro, Santa Clarita, CA 91354",769900,3427
1386,91354,"23894 Toscana Dr, Valencia, CA 91354",444000,1390
1389,91354,"28459 Herrera St, Valencia, CA 91354",395000,1440
1392,91354,"28812 Calle De La Paz Dr, Valencia, CA 91354",463900,1390
1393,91354,"28073 River Trail Ln, Santa Clarita, CA 91354",669966,2287
1394,91356,"18730 Hatteras St UNIT 40, Los Angeles, CA 91356",628000,2375
1395,91356,"5165 Avenida Oriente, Tarzana, CA 91356",1400000,2388
1396,91356,"18256 Valley Vista Blvd, Tarzana, CA 91356",699000,826
1397,91356,"18134 Killion St UNIT 3, Los Angeles, CA 91356",490500,1485
1398,91356,"5925 Topeka Dr, Tarzana, CA 91356",1195000,2636
1399,91356,"5266 Vanalden Ave, Tarzana, CA 91356",2999999,6093
1400,91356,"18747 Hatteras St UNIT 10, Los Angeles, CA 91356",485000,1465
1401,91356,"5454 Aura Ave, Tarzana, CA 91356",200000000,1896
1402,91356,"4233 Ellenita Ave, Tarzana, CA 91356",1599000,2977
1403,91356,"5514 Sylvia Ave, Tarzana, CA 91356",1499999,4273
1404,91356,"4940 Brewster Dr, Tarzana, CA 91356",3899000,6400
1405,91356,"5471 Lindley Ave, Tarzana, CA 91356",509000,1477
1406,91356,"5529 Vanalden Ave, Tarzana, CA 91356",2100000,4547
1407,91356,"5207 Nestle Ave, Tarzana, CA 91356",1295000,2455
1408,91356,"18200 Karen Dr, Tarzana, CA 91356",2195000,3300
1409,91356,"4514 Ellenita Ave, Tarzana, CA 91356",2699999,4382
1410,91356,"5436 Geyser Ave, Tarzana, CA 91356",1149900,1764
1411,91356,"18706 Collins St, Tarzana, CA 91356",649000,1350
1412,91356,"18375 Collins St, Tarzana, CA 91356",18000000,44427
1413,91356,"4265 Aleman Dr, Tarzana, CA 91356",1245000,2977
1414,91356,"18640 Collins St APT 110, Los Angeles, CA 91356",349943,945
1415,91356,"19101 Sprague St, Tarzana, CA 91356",1249000,2400
1416,91356,"18620 Hatteras St UNIT 203, Los Angeles, CA 91356",279950,910
1417,91356,"4466 Vanalden Ave, Tarzana, CA 91356",2295000,4650
1418,91356,"18651 Wells Dr, Tarzana, CA",3699000,6170
1419,91356,"18350 Hatteras St APT 119, Tarzana, CA 91356",339000,830
1420,91356,"4917 Tarzana Woods Dr, Tarzana, CA 91356",1295000,3149
1421,91356,"18730 Hatteras St UNIT 5, Los Angeles, CA 91356",679000,2418
1423,91356,"4526 Azalia Dr, Tarzana, CA 91356",1598000,3843
1424,91356,"5835 Topeka Dr, Tarzana, CA 91356",1300000,2700
1426,91356,"19237 Charles St, Tarzana, CA 91356",2400000,5170
1428,91356,"5401 Donna Ave, Tarzana, CA",4125000,6900
1429,91356,"4930 Palomar Dr, Tarzana, CA 91356",1500000,4006
1432,91356,"4553 Reseda Blvd, Tarzana, CA 91356",1999999,4512
1433,91356,"19567 Oxnard St, Tarzana, CA 91356",1899500,4261
1434,91355,"26917 Augusta Pl, Santa Clarita, CA 91355",899000,3758
1435,91355,"26833 Augusta Pl, Santa Clarita, CA 91355",799000,2972
1436,91355,"24064 Blacker House Ct, Santa Clarita, CA 91355",550000,1259
1437,91355,"27013 Waterside Ct, Santa Clarita, CA 91355",1025000,3010
1438,91355,"23835 Del Monte Dr UNIT 105, Santa Clarita, CA 91355",379900,910
1439,91355,"23904 Lakeside Rd, Valencia, CA 91355",750000,3317
1440,91355,"25739 Rancho Adobe Rd, Santa Clarita, CA 91355",530000,1530
1441,91355,"23205 Faisan Ct, Santa Clarita, CA 91355",425000,1128
1442,91355,"25676 Whispering Trees Way, Santa Clarita, CA 91355",649000,2246
1443,91355,"23625 Del Monte Dr UNIT 320, Santa Clarita, CA 91355",370000,910
1444,91355,"25648 Alicante Dr, Santa Clarita, CA 91355",489000,864
1445,91355,"25300 Via Brasa, Santa Clarita, CA 91355",632900,1817
1446,91355,"24535 Town Center Dr, Valencia, CA 91355",350000,740
1447,91355,"23625 Del Monte Dr, Valencia, CA 91355",389950,710
1448,91355,"24545 Town Center Dr APT 5307, Santa Clarita, CA 91355",510000,1440
1449,91355,"23921 Del Monte Dr UNIT 36, Santa Clarita, CA 91355",325000,880
1450,91355,"23967 Arroyo Park Dr UNIT 88, Santa Clarita, CA 91355",435000,1154
1451,91355,"24518 Nicklaus Dr UNIT O1, Santa Clarita, CA 91355",264950,722
1452,91355,"26306 Ivrea Pl, Santa Clarita, CA 91355",715000,1678
1453,91355,"25995 Pueblo Dr, Santa Clarita, CA 91355",498894,1128
1454,91355,"26512 Emerald Dove Dr, Santa Clarita, CA 91355",849000,2545
1455,91355,"25314 Via Palacio, Santa Clarita, CA 91355",499000,2043
1456,91355,"24154 View Pointe Ln, Santa Clarita, CA 91355",698500,2080
1457,91355,"25410 Avenida Cappela, Santa Clarita, CA 91355",649000,2336
1458,91355,"25730 Player Dr UNIT S7, Santa Clarita, CA 91355",399730,1296
1459,91355,"23609 Del Monte Dr UNIT 302, Santa Clarita, CA 91355",374000,910
1460,91355,"25849 Mcbean Pkwy UNIT 30, Santa Clarita, CA 91355",349999,786
1461,91355,"27014 Monterey Ave, Santa Clarita, CA 91355",879000,2308
1462,91355,"24233 Nottingham Ct, Santa Clarita, CA 91355",1100000,3023
1463,91355,"24705 Napa Ct, Santa Clarita, CA 91355",1298000,3464
1464,91355,"24361 Mornington Dr, Santa Clarita, CA 91355",1250000,4002
1465,91355,"24696 Golfview Dr, Santa Clarita, CA 91355",434999,1217
1466,91355,"24432 Vista Ridge Dr, Santa Clarita, CA 91355",719900,2288
1467,91355,"25716 Player Dr UNIT T9, Santa Clarita, CA 91355",347500,1041
1468,91355,"24705 Garland Dr, Santa Clarita, CA 91355",985000,3152
1469,91355,"26056 Berault Ct, Santa Clarita, CA 91355",699999,1960
1470,91355,"26117 Mcbean Pkwy UNIT 8, Santa Clarita, CA 91355",449999,1154
1471,91355,"24385 Mira Vista St, Valencia, CA 91355",769000,2859
1473,91355,"23901 Windward Ln, Valencia, CA 91355",864000,3255
